Date,Adj Close
18/05/2015,37.279999
19/05/2015,37.5
20/05/2015,36.779999
21/05/2015,36.68
22/05/2015,36.599998
26/05/2015,36.509998
27/05/2015,36.41
28/05/2015,36.830002
29/05/2015,36.669998
01/06/2015,36.630001
02/06/2015,36.400002
03/06/2015,37
04/06/2015,36.709999
05/06/2015,37
08/06/2015,36.459999
09/06/2015,35.880001
10/06/2015,35.849998
11/06/2015,35.84
12/06/2015,35.900002
15/06/2015,34.669998
16/06/2015,34.82
17/06/2015,34.689999
18/06/2015,34.66
19/06/2015,35.860001
22/06/2015,35.549999
23/06/2015,35.369999
24/06/2015,35.169998
25/06/2015,35.169998
26/06/2015,35.259998
29/06/2015,34.209999
30/06/2015,36.220001
01/07/2015,35.400002
02/07/2015,35.720001
06/07/2015,35.43
07/07/2015,35.52
08/07/2015,34.759998
09/07/2015,34.360001
10/07/2015,34.91
13/07/2015,35.779999
14/07/2015,36.720001
15/07/2015,35.66
16/07/2015,36.099998
17/07/2015,35.669998
20/07/2015,35.810001
21/07/2015,36.630001
22/07/2015,36.09
23/07/2015,36.189999
24/07/2015,35.419998
27/07/2015,34.700001
28/07/2015,36.540001
29/07/2015,31.24
30/07/2015,31.469999
31/07/2015,31.01
03/08/2015,29.27
04/08/2015,29.34
05/08/2015,28.48
06/08/2015,27.540001
07/08/2015,27.040001
10/08/2015,29.5
11/08/2015,29.620001
12/08/2015,29.389999
13/08/2015,28.540001
14/08/2015,29.059999
17/08/2015,29.059999
18/08/2015,28.299999
19/08/2015,27.610001
20/08/2015,26
21/08/2015,25.870001
24/08/2015,25.17
25/08/2015,24.379999
26/08/2015,25.030001
27/08/2015,26.459999
28/08/2015,26.83
31/08/2015,27.790001
01/09/2015,27.030001
02/09/2015,27.82
03/09/2015,28.299999
04/09/2015,28.15
08/09/2015,27.18
09/09/2015,27.18
10/09/2015,27.709999
11/09/2015,27.389999
14/09/2015,26.9
15/09/2015,27.17
16/09/2015,27.75
17/09/2015,27.41
18/09/2015,27.959999
21/09/2015,27.379999
22/09/2015,26.83
23/09/2015,26.790001
24/09/2015,26.6
25/09/2015,25.290001
28/09/2015,25.26
29/09/2015,25.59
30/09/2015,26.940001
01/10/2015,24.68
02/10/2015,26.309999
05/10/2015,28.15
06/10/2015,27.620001
07/10/2015,29.83
08/10/2015,30.32
09/10/2015,30.85
12/10/2015,28.75
13/10/2015,29.059999
14/10/2015,29.379999
15/10/2015,29.709999
16/10/2015,31.15
19/10/2015,30.91
20/10/2015,30.91
21/10/2015,29.299999
22/10/2015,29.15
23/10/2015,30.280001
26/10/2015,30.889999
27/10/2015,31.34
28/10/2015,30.870001
29/10/2015,29.059999
30/10/2015,28.459999
02/11/2015,29.200001
03/11/2015,29.129999
04/11/2015,29.360001
05/11/2015,28.66
06/11/2015,28.280001
09/11/2015,27.09
10/11/2015,27.049999
11/11/2015,26.5
12/11/2015,26.129999
13/11/2015,25.18
16/11/2015,25.41
17/11/2015,25.23
18/11/2015,25.9
19/11/2015,26.32
20/11/2015,26.27
23/11/2015,25.200001
24/11/2015,25.52
25/11/2015,26.059999
27/11/2015,25.75
30/11/2015,25.4
01/12/2015,25.530001
02/12/2015,25.4
03/12/2015,25.9
04/12/2015,25.02
07/12/2015,24.459999
08/12/2015,24.99
09/12/2015,24.309999
10/12/2015,25.91
11/12/2015,24.84
14/12/2015,24.92
15/12/2015,23.950001
16/12/2015,24.299999
17/12/2015,23.309999
18/12/2015,22.99
21/12/2015,22.139999
22/12/2015,22.559999
23/12/2015,22.67
24/12/2015,22.969999
28/12/2015,22.530001
29/12/2015,22.469999
30/12/2015,22.23
31/12/2015,23.139999
04/01/2016,22.559999
05/01/2016,21.92
06/01/2016,21.389999
07/01/2016,20.26
08/01/2016,19.98
11/01/2016,19.65
12/01/2016,19.620001
13/01/2016,18.68
14/01/2016,19
15/01/2016,17.940001
19/01/2016,16.690001
20/01/2016,17.379999
21/01/2016,17.83
22/01/2016,17.84
25/01/2016,17.02
26/01/2016,17.01
27/01/2016,16.780001
28/01/2016,16.49
29/01/2016,16.799999
01/02/2016,17.91
02/02/2016,16.08
03/02/2016,16.559999
04/02/2016,16.91
05/02/2016,15.72
08/02/2016,14.9
09/02/2016,14.4
10/02/2016,14.98
11/02/2016,14.31
12/02/2016,15.88
16/02/2016,16.360001
17/02/2016,17.459999
18/02/2016,18.43
19/02/2016,18.309999
22/02/2016,18.299999
23/02/2016,18.299999
24/02/2016,18
25/02/2016,17.59
26/02/2016,17.940001
29/02/2016,18.120001
01/03/2016,17.85
02/03/2016,18.540001
03/03/2016,19.309999
04/03/2016,19.360001
07/03/2016,19.17
08/03/2016,18.33
09/03/2016,17.66
10/03/2016,16.610001
11/03/2016,16.809999
14/03/2016,17.120001
15/03/2016,16.190001
16/03/2016,16.700001
17/03/2016,16.85
18/03/2016,16.85
21/03/2016,16.889999
22/03/2016,16.860001
23/03/2016,16.01
24/03/2016,15.91
28/03/2016,15.6
29/03/2016,15.97
30/03/2016,16.360001
31/03/2016,16.549999
01/04/2016,15.98
04/04/2016,17.09
05/04/2016,17.049999
06/04/2016,17.26
07/04/2016,16.98
08/04/2016,16.65
11/04/2016,16.51
12/04/2016,16.57
13/04/2016,17.370001
14/04/2016,17.530001
15/04/2016,17.58
18/04/2016,17.309999
19/04/2016,16.92
20/04/2016,17.4
21/04/2016,17.51
22/04/2016,17.23
25/04/2016,17.09
26/04/2016,17.75
27/04/2016,14.86
28/04/2016,14.64
29/04/2016,14.62
02/05/2016,14.4
03/05/2016,14.01
04/05/2016,14.84
05/05/2016,14.12
06/05/2016,14.4
09/05/2016,14.2
10/05/2016,14.63
11/05/2016,14.59
12/05/2016,14.08
13/05/2016,14.1
16/05/2016,14.29
17/05/2016,14.34
18/05/2016,14.14
19/05/2016,14.15
20/05/2016,14.43
23/05/2016,14.41
24/05/2016,14.03
25/05/2016,14.41
26/05/2016,14.3
27/05/2016,15.1
31/05/2016,15.22
01/06/2016,15.02
02/06/2016,15.2
03/06/2016,15.2
06/06/2016,15.27
07/06/2016,15
08/06/2016,14.95
09/06/2016,14.6
10/06/2016,14.02
13/06/2016,14.55
14/06/2016,15.36
15/06/2016,15.96
16/06/2016,15.87
17/06/2016,16.1
20/06/2016,16.34
21/06/2016,16.32
22/06/2016,16.129999
23/06/2016,17.040001
24/06/2016,16.440001
27/06/2016,15.84
28/06/2016,16.42
29/06/2016,16.83
30/06/2016,16.91
01/07/2016,17.280001
05/07/2016,17.139999
06/07/2016,17.200001
07/07/2016,17.370001
08/07/2016,18.08
11/07/2016,17.709999
12/07/2016,18.1
13/07/2016,17.74
14/07/2016,17.959999
15/07/2016,18.08
18/07/2016,18.65
19/07/2016,18.33
20/07/2016,18.559999
21/07/2016,18.389999
22/07/2016,18.370001
25/07/2016,18.65
26/07/2016,18.450001
27/07/2016,15.77
28/07/2016,16.309999
29/07/2016,16.639999
01/08/2016,16.639999
02/08/2016,16.42
03/08/2016,17.610001
04/08/2016,18.129999
05/08/2016,18.26
08/08/2016,18.200001
09/08/2016,18.68
10/08/2016,19.040001
11/08/2016,19.780001
12/08/2016,19.540001
15/08/2016,20.860001
16/08/2016,20.4
17/08/2016,20.17
18/08/2016,19
19/08/2016,18.98
22/08/2016,18.549999
23/08/2016,18.690001
24/08/2016,18.25
25/08/2016,18.32
26/08/2016,18.299999
29/08/2016,18.469999
30/08/2016,18.379999
31/08/2016,19.209999
01/09/2016,19.5
02/09/2016,19.549999
06/09/2016,19.93
07/09/2016,19.870001
08/09/2016,18.700001
09/09/2016,18.110001
12/09/2016,18.15
13/09/2016,17.76
14/09/2016,18.08
15/09/2016,18.299999
16/09/2016,19.110001
19/09/2016,18.360001
20/09/2016,18.389999
21/09/2016,18.49
22/09/2016,18.629999
23/09/2016,22.620001
26/09/2016,23.370001
27/09/2016,23.719999
28/09/2016,22.959999
29/09/2016,23.01
30/09/2016,23.049999
03/10/2016,24
04/10/2016,23.52
05/10/2016,24.870001
06/10/2016,19.870001
07/10/2016,19.85
10/10/2016,17.559999
11/10/2016,18
12/10/2016,18.049999
13/10/2016,17.790001
14/10/2016,16.879999
17/10/2016,16.73
18/10/2016,16.83
19/10/2016,17.07
20/10/2016,16.9
21/10/2016,18.09
24/10/2016,18.030001
25/10/2016,17.26
26/10/2016,17.290001
27/10/2016,17.4
28/10/2016,17.66
31/10/2016,17.950001
01/11/2016,17.49
02/11/2016,17.610001
03/11/2016,17.58
04/11/2016,18.02
07/11/2016,18.41
08/11/2016,18.379999
09/11/2016,19.129999
10/11/2016,18.370001
11/11/2016,18.549999
14/11/2016,19.139999
15/11/2016,18.98
16/11/2016,18.629999
17/11/2016,18.549999
18/11/2016,18.73
21/11/2016,18.6
22/11/2016,18.629999
23/11/2016,18.219999
25/11/2016,18.059999
28/11/2016,18.299999
29/11/2016,18.190001
30/11/2016,18.49
01/12/2016,18.030001
02/12/2016,17.93
05/12/2016,18.23
06/12/2016,18.23
07/12/2016,19.48
08/12/2016,19.639999
09/12/2016,19.65
12/12/2016,18.93
13/12/2016,19.370001
14/12/2016,18.93
15/12/2016,18.790001
16/12/2016,18.629999
19/12/2016,18.24
20/12/2016,17.92
21/12/2016,17.08
22/12/2016,16.41
23/12/2016,16.5
27/12/2016,16.610001
28/12/2016,16.389999
29/12/2016,16.389999
30/12/2016,16.299999
03/01/2017,16.440001
04/01/2017,16.860001
05/01/2017,17.09
06/01/2017,17.17
09/01/2017,17.5
10/01/2017,17.370001
11/01/2017,17.299999
12/01/2017,17.379999
13/01/2017,17.25
17/01/2017,16.959999
18/01/2017,17.110001
19/01/2017,16.790001
20/01/2017,16.58
23/01/2017,16.610001
24/01/2017,16.52
25/01/2017,16.73
26/01/2017,16.809999
27/01/2017,16.57
30/01/2017,16.940001
31/01/2017,17.620001
01/02/2017,17.24
02/02/2017,17.780001
03/02/2017,17.610001
06/02/2017,17.93
07/02/2017,18.26
08/02/2017,18.719999
09/02/2017,16.41
10/02/2017,15.58
13/02/2017,15.81
14/02/2017,16.52
15/02/2017,16.74
16/02/2017,16.35
17/02/2017,16.620001
21/02/2017,16.42
22/02/2017,16.08
23/02/2017,16.030001
24/02/2017,15.98
27/02/2017,16.059999
28/02/2017,15.77
01/03/2017,15.79
02/03/2017,15.79
03/03/2017,15.75
06/03/2017,15.56
07/03/2017,15.18
08/03/2017,15.24
09/03/2017,15.22
10/03/2017,15.12
13/03/2017,15.21
14/03/2017,15.32
15/03/2017,15.03
16/03/2017,15.19
17/03/2017,15.08
20/03/2017,15.09
21/03/2017,14.54
22/03/2017,14.98
23/03/2017,14.93
24/03/2017,15.14
27/03/2017,14.99
28/03/2017,14.94
29/03/2017,15.04
30/03/2017,14.92
31/03/2017,14.95
03/04/2017,14.84
04/04/2017,14.69
05/04/2017,14.53
06/04/2017,14.39
07/04/2017,14.29
10/04/2017,14.36
11/04/2017,14.31
12/04/2017,14.42
13/04/2017,14.3
17/04/2017,14.4
18/04/2017,14.44
19/04/2017,14.54
20/04/2017,14.65
21/04/2017,14.63
24/04/2017,14.71
25/04/2017,14.66
26/04/2017,15.82
27/04/2017,16.610001
28/04/2017,16.48
01/05/2017,17.540001
02/05/2017,18.24
03/05/2017,18.57
04/05/2017,18.48
05/05/2017,18.690001
08/05/2017,18.309999
09/05/2017,18.370001
10/05/2017,18.540001
11/05/2017,18.389999
12/05/2017,18.610001
15/05/2017,19.23
16/05/2017,19.49
17/05/2017,18.280001
18/05/2017,18.51
19/05/2017,18.35
22/05/2017,18.43
23/05/2017,18.15
24/05/2017,17.98
25/05/2017,17.950001
26/05/2017,18.23
30/05/2017,18.43
31/05/2017,18.32
01/06/2017,18.530001
02/06/2017,18.309999
05/06/2017,18.23
06/06/2017,17.57
07/06/2017,17.440001
08/06/2017,17.59
09/06/2017,16.9
12/06/2017,17.040001
13/06/2017,16.969999
14/06/2017,16.76
15/06/2017,16.83
16/06/2017,16.67
19/06/2017,17.059999
20/06/2017,16.91
21/06/2017,17.780001
22/06/2017,18.15
23/06/2017,18.5
26/06/2017,18.290001
27/06/2017,18.120001
28/06/2017,17.950001
29/06/2017,17.65
30/06/2017,17.870001
03/07/2017,17.65
05/07/2017,17.82
06/07/2017,17.92
07/07/2017,18.02
10/07/2017,18.08
11/07/2017,18.639999
12/07/2017,19.25
13/07/2017,19.32
14/07/2017,19.639999
17/07/2017,19.940001
18/07/2017,19.98
19/07/2017,20.120001
20/07/2017,20.530001
21/07/2017,20.110001
24/07/2017,20
25/07/2017,19.969999
26/07/2017,19.610001
27/07/2017,16.84
28/07/2017,16.75
31/07/2017,16.09
01/08/2017,16.209999
02/08/2017,16.07
03/08/2017,16.18
04/08/2017,16.290001
07/08/2017,16.4
08/08/2017,16.15
09/08/2017,16.139999
10/08/2017,15.75
11/08/2017,15.92
14/08/2017,16.09
15/08/2017,15.95
16/08/2017,16.16
17/08/2017,15.87
18/08/2017,15.99
21/08/2017,16.110001
22/08/2017,16.629999
23/08/2017,16.959999
24/08/2017,16.889999
25/08/2017,16.65
28/08/2017,16.77
29/08/2017,16.93
30/08/2017,16.93
31/08/2017,16.91
01/09/2017,16.860001
05/09/2017,16.65
06/09/2017,16.83
07/09/2017,17.219999
08/09/2017,17.450001
11/09/2017,17.66
12/09/2017,18.17
13/09/2017,18.200001
14/09/2017,18.209999
15/09/2017,18.01
18/09/2017,17.6
19/09/2017,17.76
20/09/2017,17.620001
21/09/2017,17.58
22/09/2017,17.610001
25/09/2017,16.98
26/09/2017,16.59
27/09/2017,16.950001
28/09/2017,16.85
29/09/2017,16.870001
02/10/2017,17.09
03/10/2017,17.59
04/10/2017,17.75
05/10/2017,18.25
06/10/2017,17.85
09/10/2017,17.67
10/10/2017,17.41
11/10/2017,17.73
12/10/2017,18.450001
13/10/2017,18.629999
16/10/2017,18.33
17/10/2017,18.280001
18/10/2017,18.02
19/10/2017,17.889999
20/10/2017,17.870001
23/10/2017,17.370001
24/10/2017,17.25
25/10/2017,17.139999
26/10/2017,20.309999
27/10/2017,21.68
30/10/2017,21.25
31/10/2017,20.620001
01/11/2017,20.610001
02/11/2017,19.709999
03/11/2017,19.9
06/11/2017,19.389999
07/11/2017,19.66
08/11/2017,19.59
09/11/2017,19.9
10/11/2017,20.32
13/11/2017,20.17
14/11/2017,20.049999
15/11/2017,19.91
16/11/2017,20.360001
17/11/2017,20.76
20/11/2017,21.129999
21/11/2017,21.879999
22/11/2017,22.27
24/11/2017,22.42
27/11/2017,21.82
28/11/2017,21.83
29/11/2017,20.790001
30/11/2017,20.58
01/12/2017,20.709999
04/12/2017,20.4
05/12/2017,20.77
06/12/2017,21.09
07/12/2017,21.01
08/12/2017,21.1
11/12/2017,22.049999
12/12/2017,21.65
13/12/2017,21.66
14/12/2017,22.58
15/12/2017,22.23
18/12/2017,24.68
19/12/2017,25.08
20/12/2017,25.200001
21/12/2017,25.049999
22/12/2017,24.459999
26/12/2017,24.26
27/12/2017,24.23
28/12/2017,24.309999
29/12/2017,24.01
02/01/2018,24.51
03/01/2018,24.450001
04/01/2018,23.99
05/01/2018,24.32
08/01/2018,24.59
09/01/2018,24.17
10/01/2018,24.25
11/01/2018,24.35
12/01/2018,25.41
16/01/2018,24.66
17/01/2018,24.559999
18/01/2018,24.040001
19/01/2018,23.66
22/01/2018,23.32
23/01/2018,22.75
24/01/2018,22.370001
25/01/2018,22.16
26/01/2018,24.27
29/01/2018,25.18
30/01/2018,25.620001
31/01/2018,25.809999
01/02/2018,27.139999
02/02/2018,25.92
05/02/2018,25.129999
06/02/2018,25.24
07/02/2018,26.91
08/02/2018,30.18
09/02/2018,31.51
12/02/2018,30.950001
13/02/2018,33.439999
14/02/2018,33.75
15/02/2018,33.610001
16/02/2018,33.060001
20/02/2018,32.84
21/02/2018,33.380001
22/02/2018,32.110001
23/02/2018,32.66
26/02/2018,32.16
27/02/2018,31.32
28/02/2018,31.860001
01/03/2018,32.240002
02/03/2018,33
05/03/2018,34.580002
06/03/2018,34.43
07/03/2018,35.759998
08/03/2018,34.849998
09/03/2018,35.349998
12/03/2018,35.5
13/03/2018,34.110001
14/03/2018,36.599998
15/03/2018,35.799999
16/03/2018,35.580002
19/03/2018,34.98
20/03/2018,31.35
21/03/2018,32.73
22/03/2018,31.200001
23/03/2018,31.030001
26/03/2018,31.91
27/03/2018,28.07
28/03/2018,28.450001
29/03/2018,29.01
02/04/2018,28.040001
03/04/2018,27.540001
04/04/2018,28.25
05/04/2018,28.639999
06/04/2018,28.1
09/04/2018,28.01
10/04/2018,29.530001
11/04/2018,29.389999
12/04/2018,29
13/04/2018,28.76
16/04/2018,28.58
17/04/2018,31.84
18/04/2018,31.540001
19/04/2018,31.540001
20/04/2018,31.91
23/04/2018,31.219999
24/04/2018,30.469999
25/04/2018,29.75
26/04/2018,30.27
27/04/2018,29
30/04/2018,30.309999
01/05/2018,30.299999
02/05/2018,30.549999
03/05/2018,30.67
04/05/2018,31.040001
07/05/2018,31.33
08/05/2018,31.85
09/05/2018,32.459999
10/05/2018,32.869999
11/05/2018,32.75
14/05/2018,33.389999
15/05/2018,32.75
16/05/2018,32.77
17/05/2018,32.580002
18/05/2018,32.630001
21/05/2018,33.630001
22/05/2018,32.860001
23/05/2018,33.419998
24/05/2018,33.52
25/05/2018,33.630001
29/05/2018,34.040001
30/05/2018,34.360001
31/05/2018,34.700001
01/06/2018,36.650002
04/06/2018,37.880001
05/06/2018,39.799999
06/06/2018,40.099998
07/06/2018,39.700001
08/06/2018,41.209999
11/06/2018,41.419998
12/06/2018,43.490002
13/06/2018,44.07
14/06/2018,46.759998
15/06/2018,45.799999
18/06/2018,46
19/06/2018,44.950001
20/06/2018,46.130001
21/06/2018,45.240002
22/06/2018,45.880001
25/06/2018,44.169998
26/06/2018,44.84
27/06/2018,43.700001
28/06/2018,44.790001
29/06/2018,43.669998
02/07/2018,44.98
03/07/2018,43.889999
05/07/2018,45.060001
06/07/2018,46.650002
09/07/2018,44.139999
10/07/2018,43.75
11/07/2018,43.869999
12/07/2018,45.259998
13/07/2018,44.490002
16/07/2018,44.259998
17/07/2018,44.709999
18/07/2018,43.34
19/07/2018,43.439999
20/07/2018,43.419998
23/07/2018,43.310001
24/07/2018,42.169998
25/07/2018,44.220001
26/07/2018,42.939999
27/07/2018,34.119999
30/07/2018,31.379999
31/07/2018,31.870001
01/08/2018,31.91
02/08/2018,32.82
03/08/2018,31.959999
06/08/2018,32.98
07/08/2018,32.669998
08/08/2018,31.84
09/08/2018,31.959999
10/08/2018,32.009998
13/08/2018,32.799999
14/08/2018,33.189999
15/08/2018,32.380001
16/08/2018,32.830002
17/08/2018,32.73
20/08/2018,32.599998
21/08/2018,33.689999
22/08/2018,33.810001
23/08/2018,33.880001
24/08/2018,34.279999
27/08/2018,35.889999
28/08/2018,35.490002
29/08/2018,35.349998
30/08/2018,35.639999
31/08/2018,35.18
04/09/2018,34.84
05/09/2018,32.73
06/09/2018,30.809999
07/09/2018,30.49
10/09/2018,30.540001
11/09/2018,30.889999
12/09/2018,29.75
13/09/2018,30.389999
14/09/2018,30.120001
17/09/2018,28.860001
18/09/2018,29.219999
19/09/2018,29.52
20/09/2018,29.85
21/09/2018,28.5
24/09/2018,28.6
25/09/2018,29.110001
26/09/2018,29.01
27/09/2018,29.42
28/09/2018,28.459999
01/10/2018,28.309999
02/10/2018,28.190001
03/10/2018,29.01
04/10/2018,28.23
05/10/2018,28.389999
08/10/2018,28.450001
09/10/2018,29.27
10/10/2018,26.790001
11/10/2018,27
12/10/2018,27.99
15/10/2018,28.610001
16/10/2018,29.870001
17/10/2018,29.549999
18/10/2018,29.290001
19/10/2018,28.83
22/10/2018,29.18
23/10/2018,28.77
24/10/2018,27.540001
25/10/2018,31.799999
26/10/2018,32.360001
29/10/2018,32.389999
30/10/2018,33.860001
31/10/2018,34.75
01/11/2018,34.619999
02/11/2018,34.299999
05/11/2018,34.02
06/11/2018,34.419998
07/11/2018,34.990002
08/11/2018,34.18
09/11/2018,34.080002
12/11/2018,32.009998
13/11/2018,32.490002
14/11/2018,32.91
15/11/2018,33.150002
16/11/2018,33.669998
19/11/2018,31.98
20/11/2018,31.059999
21/11/2018,31.610001
23/11/2018,31.120001
26/11/2018,32.82
27/11/2018,32.610001
28/11/2018,32.73
29/11/2018,31.299999
30/11/2018,31.450001
03/12/2018,33.66
04/12/2018,32.560001
06/12/2018,32.959999
07/12/2018,32.830002
10/12/2018,33.43
11/12/2018,34.450001
12/12/2018,36.25
13/12/2018,35.889999
14/12/2018,35.869999
17/12/2018,33.43
18/12/2018,33.740002
19/12/2018,32.93
20/12/2018,29.290001
21/12/2018,27.309999
24/12/2018,26.450001
26/12/2018,28.66
27/12/2018,28.68
28/12/2018,28.43
31/12/2018,28.74
02/01/2019,28.809999
03/01/2019,27.99
04/01/2019,29.950001
07/01/2019,31.34
08/01/2019,31.799999
09/01/2019,32.25
10/01/2019,33.09
11/01/2019,32.869999
14/01/2019,32.369999
15/01/2019,33.02
16/01/2019,32.470001
17/01/2019,32.849998
18/01/2019,33.27
22/01/2019,32.25
23/01/2019,30.969999
24/01/2019,31.610001
25/01/2019,32.900002
28/01/2019,33.130001
29/01/2019,31.639999
30/01/2019,32.259998
31/01/2019,33.560001
01/02/2019,33.189999
04/02/2019,33.939999
05/02/2019,34.369999
06/02/2019,34.16
07/02/2019,30.799999
08/02/2019,30.01
11/02/2019,30.23
12/02/2019,30.389999
13/02/2019,31.120001
14/02/2019,30.959999
15/02/2019,31.23
19/02/2019,31.65
20/02/2019,31.370001
21/02/2019,30.76
22/02/2019,31.709999
25/02/2019,31.99
26/02/2019,31.01
27/02/2019,30.41
28/02/2019,30.780001
01/03/2019,30.620001
04/03/2019,30.5
05/03/2019,31.030001
06/03/2019,30.799999
07/03/2019,30.120001
08/03/2019,30.040001
11/03/2019,30.870001
12/03/2019,31.16
13/03/2019,31.299999
14/03/2019,31.030001
15/03/2019,31.219999
18/03/2019,31.08
19/03/2019,31.27
20/03/2019,32.57
21/03/2019,32.610001
22/03/2019,33.02
25/03/2019,32.59
26/03/2019,33.060001
27/03/2019,32.279999
28/03/2019,32.869999
29/03/2019,32.880001
01/04/2019,33.439999
02/04/2019,33.75
03/04/2019,34.380001
04/04/2019,34.419998
05/04/2019,34.720001
08/04/2019,34.860001
09/04/2019,35.139999
10/04/2019,34.75
11/04/2019,34.580002
12/04/2019,34.369999
15/04/2019,34.709999
16/04/2019,34.459999
17/04/2019,34.48
18/04/2019,34.400002
22/04/2019,34.389999
23/04/2019,39.77
24/04/2019,39.290001
25/04/2019,38.48
26/04/2019,38.669998
29/04/2019,39.779999
30/04/2019,39.91
01/05/2019,39.290001
02/05/2019,39.950001
03/05/2019,40.799999
06/05/2019,40.23
07/05/2019,38.619999
08/05/2019,38.580002
09/05/2019,38.790001
10/05/2019,38.450001
13/05/2019,36.59
14/05/2019,36.93
15/05/2019,37.900002
16/05/2019,38.299999
17/05/2019,37.5
20/05/2019,37.150002
21/05/2019,37.470001
22/05/2019,38.580002
23/05/2019,37.189999
24/05/2019,37.41
28/05/2019,37.290001
29/05/2019,36.849998
30/05/2019,37.139999
31/05/2019,36.439999
03/06/2019,34.43
04/06/2019,36.099998
05/06/2019,36.330002
06/06/2019,36.59
07/06/2019,37.93
10/06/2019,37.639999
11/06/2019,37.209999
12/06/2019,37.490002
13/06/2019,36.34
14/06/2019,36.150002
17/06/2019,36.439999
18/06/2019,36.650002
19/06/2019,36.290001
20/06/2019,35.439999
21/06/2019,35.02
24/06/2019,35.580002
25/06/2019,34.720001
26/06/2019,35.220001
27/06/2019,34.75
28/06/2019,34.900002
01/07/2019,36.080002
02/07/2019,36.220001
03/07/2019,36.02
05/07/2019,36.25
08/07/2019,36.450001
09/07/2019,37.650002
10/07/2019,37.470001
11/07/2019,37.209999
12/07/2019,37.84
15/07/2019,38.68
16/07/2019,37.990002
17/07/2019,37.700001
18/07/2019,37.66
19/07/2019,36.77
22/07/2019,37.580002
23/07/2019,37.900002
24/07/2019,38.73
25/07/2019,38.119999
26/07/2019,41.52
29/07/2019,41.5
30/07/2019,41
31/07/2019,42.310001
01/08/2019,42.080002
02/08/2019,42.849998
05/08/2019,40.369999
06/08/2019,41.32
07/08/2019,41.73
08/08/2019,42.07
09/08/2019,41.529999
12/08/2019,40.48
13/08/2019,41.810001
14/08/2019,40.650002
15/08/2019,40.09
16/08/2019,40.580002
19/08/2019,41.700001
20/08/2019,42.290001
21/08/2019,42.799999
22/08/2019,42.18
23/08/2019,41
26/08/2019,41.439999
27/08/2019,42.139999
28/08/2019,41.68
29/08/2019,42.490002
30/08/2019,42.650002
03/09/2019,41.959999
04/09/2019,43.360001
05/09/2019,45.299999
06/09/2019,45.419998
09/09/2019,44.259998
10/09/2019,43.25
11/09/2019,43.25
12/09/2019,43.200001
13/09/2019,42.630001
16/09/2019,42.759998
17/09/2019,43.240002
18/09/2019,43.240002
19/09/2019,42.93
20/09/2019,43.23
23/09/2019,43.380001
24/09/2019,41.419998
25/09/2019,42.5
26/09/2019,42.439999
27/09/2019,41.349998
30/09/2019,41.200001
01/10/2019,40.25
02/10/2019,39.700001
03/10/2019,40
04/10/2019,40.360001
07/10/2019,40.799999
08/10/2019,39.700001
09/10/2019,39.5
10/10/2019,39.540001
11/10/2019,40.360001
14/10/2019,39.779999
15/10/2019,40.279999
16/10/2019,39.91
17/10/2019,39.610001
18/10/2019,38.990002
21/10/2019,40.09
22/10/2019,38.810001
23/10/2019,38.830002
24/10/2019,30.75
25/10/2019,30.299999
28/10/2019,30.059999
29/10/2019,29.85
30/10/2019,29.860001
31/10/2019,29.969999
01/11/2019,29.620001
04/11/2019,30.049999
05/11/2019,29.809999
06/11/2019,29.540001
07/11/2019,29.049999
08/11/2019,29.209999
11/11/2019,29.34
12/11/2019,29.049999
13/11/2019,29.08
14/11/2019,28.889999
15/11/2019,29.25
18/11/2019,29.49
19/11/2019,29.440001
20/11/2019,29.17
21/11/2019,29.790001
22/11/2019,30.030001
25/11/2019,30.540001
26/11/2019,30.959999
27/11/2019,31.17
29/11/2019,30.91
02/12/2019,30.42
03/12/2019,29.969999
04/12/2019,30
05/12/2019,30.040001
06/12/2019,30.190001
09/12/2019,30.209999
10/12/2019,29.84
11/12/2019,30.549999
12/12/2019,30.299999
13/12/2019,30.389999
16/12/2019,30.969999
17/12/2019,30.700001
18/12/2019,31.68
19/12/2019,32.029999
20/12/2019,32.130001
23/12/2019,32.43
24/12/2019,32.5
26/12/2019,32.630001
27/12/2019,32.549999
30/12/2019,32.029999
31/12/2019,32.049999
02/01/2020,32.299999
03/01/2020,31.52
06/01/2020,31.639999
07/01/2020,32.540001
08/01/2020,33.049999
09/01/2020,33.220001
10/01/2020,32.779999
13/01/2020,32.689999
14/01/2020,32.82
15/01/2020,33.23
16/01/2020,34.189999
17/01/2020,34.220001
21/01/2020,34.09
22/01/2020,34.02
23/01/2020,33.889999
24/01/2020,33.189999
27/01/2020,32.779999
28/01/2020,33.419998
29/01/2020,33.630001
30/01/2020,33.220001
31/01/2020,32.48
03/02/2020,33.07
04/02/2020,33.959999
05/02/2020,33.389999
06/02/2020,38.41
07/02/2020,37.029999
10/02/2020,35.959999
11/02/2020,35.650002
12/02/2020,36.790001
13/02/2020,37.16
14/02/2020,36.91
18/02/2020,38.060001
19/02/2020,38.77
20/02/2020,39.049999
21/02/2020,38.310001
24/02/2020,35.889999
25/02/2020,35.209999
26/02/2020,34.630001
27/02/2020,33.009998
28/02/2020,33.200001
02/03/2020,35.82
03/03/2020,34.93
04/03/2020,36
05/03/2020,34.970001
06/03/2020,33.459999
09/03/2020,32.459999
10/03/2020,34.310001
11/03/2020,31.299999
12/03/2020,26.780001
13/03/2020,29.290001
16/03/2020,24.040001
17/03/2020,24.48
18/03/2020,22
19/03/2020,24.129999
20/03/2020,23.950001
23/03/2020,24.690001
24/03/2020,25.85
25/03/2020,25.969999
26/03/2020,26.41
27/03/2020,25.290001
30/03/2020,25.59
31/03/2020,24.559999
01/04/2020,23.32
02/04/2020,23.02
03/04/2020,23.09
06/04/2020,24.93
07/04/2020,25.610001
08/04/2020,27.860001
09/04/2020,27.77
13/04/2020,27.209999
14/04/2020,27.940001
15/04/2020,27.51
16/04/2020,26.549999
17/04/2020,26.700001
20/04/2020,27.01
21/04/2020,25.75
22/04/2020,28.440001
23/04/2020,27.860001
24/04/2020,28.74
27/04/2020,30
28/04/2020,28.790001
29/04/2020,31.09
30/04/2020,28.68
01/05/2020,27.84
04/05/2020,28.23
05/05/2020,28.07
06/05/2020,27.68
07/05/2020,28.77
08/05/2020,29.93
11/05/2020,29.690001
12/05/2020,29.15
13/05/2020,28.129999
14/05/2020,28.559999
15/05/2020,29
18/05/2020,29.639999
19/05/2020,29.879999
20/05/2020,32.23
21/05/2020,32.34
22/05/2020,32.619999
26/05/2020,34.009998
27/05/2020,33.07
28/05/2020,31.6
29/05/2020,30.969999
01/06/2020,31.889999
02/06/2020,32.259998
03/06/2020,34.880001
04/06/2020,33.720001
05/06/2020,34.869999
08/06/2020,36.639999
09/06/2020,35.919998
10/06/2020,35.139999
11/06/2020,33.029999
12/06/2020,33.400002
15/06/2020,34.110001
16/06/2020,34.630001
17/06/2020,34.34
18/06/2020,34.029999
19/06/2020,33.41
22/06/2020,33.470001
23/06/2020,32.91
24/06/2020,31.73
25/06/2020,31.370001
26/06/2020,29.049999
29/06/2020,29.49
30/06/2020,29.790001
01/07/2020,30.809999
02/07/2020,30.870001
06/07/2020,32.34
07/07/2020,32.990002
08/07/2020,35.41
09/07/2020,35.720001
10/07/2020,35.400002
13/07/2020,33.82
14/07/2020,34.380001
15/07/2020,35.669998
16/07/2020,35.279999
17/07/2020,35.810001
20/07/2020,37.060001
21/07/2020,37.009998
22/07/2020,36.939999
23/07/2020,38.439999
24/07/2020,37.540001
27/07/2020,36.849998
28/07/2020,36.610001
29/07/2020,37.16
30/07/2020,36.720001
31/07/2020,36.400002
03/08/2020,36.389999
04/08/2020,36.349998
05/08/2020,36.790001
06/08/2020,37.689999
07/08/2020,37.139999
10/08/2020,37.439999
11/08/2020,37.279999
12/08/2020,37.439999
13/08/2020,37.82
14/08/2020,37.900002
17/08/2020,37.970001
18/08/2020,38.009998
19/08/2020,38.889999
20/08/2020,38.959999
21/08/2020,39.259998
24/08/2020,40.490002
25/08/2020,40.549999
26/08/2020,41.080002
27/08/2020,40.389999
28/08/2020,41.07
31/08/2020,40.580002
01/09/2020,41.150002
02/09/2020,43.669998
03/09/2020,41.630001
04/09/2020,39.869999
08/09/2020,38.189999
09/09/2020,39.560001
10/09/2020,38.950001
11/09/2020,38.93
14/09/2020,38.77
15/09/2020,39.09
16/09/2020,39.599998
17/09/2020,39.349998
18/09/2020,40.150002
21/09/2020,39.900002
22/09/2020,42.73
23/09/2020,45.330002
24/09/2020,43.139999
25/09/2020,43.84
28/09/2020,44.150002
29/09/2020,44.740002
30/09/2020,44.5
01/10/2020,46.700001
02/10/2020,46.119999
05/10/2020,47.310001
06/10/2020,45.599998
07/10/2020,45.869999
08/10/2020,46.009998
09/10/2020,45.900002
12/10/2020,48.25
13/10/2020,47
14/10/2020,45.98
15/10/2020,46.029999
16/10/2020,45.810001
19/10/2020,45.82
20/10/2020,46.349998
21/10/2020,50.240002
22/10/2020,50.279999
23/10/2020,50.439999
26/10/2020,49
27/10/2020,51.27
28/10/2020,48.529999
29/10/2020,52.43
30/10/2020,41.360001
02/11/2020,39.470001
03/11/2020,41.73
04/11/2020,42.759998
05/11/2020,43.709999
06/11/2020,43.119999
09/11/2020,43.189999
10/11/2020,42.41
11/11/2020,43.630001
12/11/2020,42.810001
13/11/2020,43.48
16/11/2020,42.73
17/11/2020,42.849998
18/11/2020,43.330002
19/11/2020,43.619999
20/11/2020,44.68
23/11/2020,44.939999
24/11/2020,45.23
25/11/2020,46.43
27/11/2020,46.59
30/11/2020,46.509998
01/12/2020,46.669998
02/12/2020,47.23
03/12/2020,47.790001
04/12/2020,47.73
07/12/2020,47.900002
08/12/2020,47.43
09/12/2020,47.23
10/12/2020,51.209999
11/12/2020,51.439999
14/12/2020,52.02
15/12/2020,52.82
16/12/2020,54.029999
17/12/2020,54.630001
18/12/2020,55.869999
21/12/2020,54.639999
22/12/2020,54.91
23/12/2020,54.299999
24/12/2020,53.970001
28/12/2020,54.43
29/12/2020,54.360001
30/12/2020,54.330002
31/12/2020,54.150002
04/01/2021,54.529999
05/01/2021,53.880001
06/01/2021,53.259998
07/01/2021,52.330002
08/01/2021,51.48
11/01/2021,48.18
12/01/2021,47.040001
13/01/2021,47.220001
14/01/2021,45.790001
15/01/2021,45.18
19/01/2021,45.93
20/01/2021,47.599998
21/01/2021,47.119999
22/01/2021,48.060001
25/01/2021,47.84
26/01/2021,49.669998
27/01/2021,48.189999
28/01/2021,51.57
29/01/2021,50.529999
01/02/2021,52.66
02/02/2021,54
03/02/2021,54.580002
04/02/2021,56.509998
05/02/2021,56.779999
08/02/2021,58.200001
09/02/2021,59.869999
10/02/2021,67.769997
11/02/2021,68.559998
12/02/2021,71.900002
16/02/2021,73.959999
17/02/2021,71.790001
18/02/2021,72.260002
19/02/2021,72.279999
22/02/2021,70.489998
23/02/2021,73.169998
24/02/2021,71.919998
25/02/2021,74.589996
26/02/2021,77.059998
01/03/2021,77.629997
02/03/2021,73.669998
03/03/2021,70.860001
04/03/2021,66.75
05/03/2021,66.949997
08/03/2021,63.48
09/03/2021,67.519997
10/03/2021,64.830002
11/03/2021,68.459999
12/03/2021,68.099998
15/03/2021,70.279999
16/03/2021,69.25
17/03/2021,70.199997
18/03/2021,66.720001
19/03/2021,66.230003
22/03/2021,65.209999
23/03/2021,64.269997
24/03/2021,62.060001
25/03/2021,61.200001
26/03/2021,61.259998
29/03/2021,62.939999
30/03/2021,62.990002
31/03/2021,63.630001
01/04/2021,63.830002
05/04/2021,64.239998
06/04/2021,67
07/04/2021,68.989998
08/04/2021,71.220001
09/04/2021,71.190002
12/04/2021,70.860001
13/04/2021,72.449997
14/04/2021,69.739998
15/04/2021,71.709999
16/04/2021,70.120003
19/04/2021,67.940002
20/04/2021,65.699997
21/04/2021,67.330002
22/04/2021,64.309998
23/04/2021,67.019997
26/04/2021,66.720001
27/04/2021,66.010002
28/04/2021,65.699997
29/04/2021,65.089996
30/04/2021,55.220001
03/05/2021,54.580002
04/05/2021,54.400002
05/05/2021,53.560001
06/05/2021,53.810001
07/05/2021,53.790001
10/05/2021,51.810001
11/05/2021,52.880001
12/05/2021,50.700001
13/05/2021,50.110001
14/05/2021,51.73
17/05/2021,52.599998
18/05/2021,53.189999
19/05/2021,52.919998
20/05/2021,54.709999
21/05/2021,54.450001
24/05/2021,57.060001
25/05/2021,57
26/05/2021,57.849998
27/05/2021,58.080002
28/05/2021,58
01/06/2021,57.439999
02/06/2021,57.16
03/06/2021,57.009998
04/06/2021,59
07/06/2021,59.630001
08/06/2021,58.810001
09/06/2021,59.709999
10/06/2021,60.299999
11/06/2021,60.5
14/06/2021,60.830002
15/06/2021,60.23
16/06/2021,59.93
17/06/2021,60.709999
18/06/2021,60.849998
21/06/2021,61.959999
22/06/2021,63.779999
23/06/2021,66.489998
24/06/2021,68.25
25/06/2021,67.93
28/06/2021,68.290001
29/06/2021,69
30/06/2021,68.809998
01/07/2021,68.110001
02/07/2021,69.199997
06/07/2021,70.209999
07/07/2021,68.760002
08/07/2021,66.830002
09/07/2021,68.970001
12/07/2021,69.860001
13/07/2021,69.599998
14/07/2021,70.269997
15/07/2021,68.07
16/07/2021,66.410004
19/07/2021,66.019997
20/07/2021,67.940002
21/07/2021,69.540001
22/07/2021,69.57
23/07/2021,71.690002
26/07/2021,68.690002
27/07/2021,68.330002
28/07/2021,69.959999
29/07/2021,70.370003
30/07/2021,69.75
02/08/2021,69.129997
03/08/2021,68.629997
04/08/2021,68.699997
05/08/2021,69.279999
06/08/2021,67.370003
09/08/2021,67.010002
10/08/2021,65.68
11/08/2021,65.459999
12/08/2021,64.949997
13/08/2021,64.82
16/08/2021,63.779999
17/08/2021,62.880001
18/08/2021,62.119999
19/08/2021,62.049999
20/08/2021,62.52
23/08/2021,64.129997
24/08/2021,63.98
25/08/2021,64.169998
26/08/2021,62.610001
27/08/2021,63.43
30/08/2021,64.699997
31/08/2021,64.5
01/09/2021,65.550003
02/09/2021,64.599998
03/09/2021,64.660004
07/09/2021,64.980003
08/09/2021,62.27
09/09/2021,62.459999
10/09/2021,61.560001
13/09/2021,59.66
14/09/2021,60.189999
15/09/2021,61.84
16/09/2021,62.290001
17/09/2021,62.470001
20/09/2021,60.950001
21/09/2021,62.779999
22/09/2021,64.25
23/09/2021,66.690002
24/09/2021,67.220001
27/09/2021,65.370003
28/09/2021,62.450001
29/09/2021,60.07
30/09/2021,60.389999
01/10/2021,61.98
04/10/2021,58.389999
05/10/2021,59.860001
06/10/2021,61.290001
07/10/2021,63.970001
08/10/2021,63.68
11/10/2021,62.099998
12/10/2021,61.450001
13/10/2021,62.200001
14/10/2021,63.169998
15/10/2021,62.77
18/10/2021,64.839996
19/10/2021,66.110001
20/10/2021,65.800003
21/10/2021,65.400002
22/10/2021,62.240002
25/10/2021,62.110001
26/10/2021,61.43
27/10/2021,54.810001
28/10/2021,54.290001
29/10/2021,53.540001
01/11/2021,55.110001
02/11/2021,53.990002
03/11/2021,54.529999
04/11/2021,53.68
05/11/2021,53.150002
08/11/2021,54.080002
09/11/2021,53.700001
10/11/2021,52.330002
11/11/2021,51.98
12/11/2021,52.25
15/11/2021,52.950001
16/11/2021,52.110001
17/11/2021,50.610001
18/11/2021,48.599998
19/11/2021,48.400002
22/11/2021,47.310001
23/11/2021,47.139999
24/11/2021,47.52
26/11/2021,47.07
29/11/2021,45.779999
30/11/2021,43.939999
01/12/2021,42.82
02/12/2021,42.650002
03/12/2021,42.07
06/12/2021,44.470001
07/12/2021,44.459999
08/12/2021,45.720001
09/12/2021,46.459999
10/12/2021,45.560001
13/12/2021,44.599998
14/12/2021,44.349998
15/12/2021,44.07
16/12/2021,43.130001
17/12/2021,43.07
20/12/2021,42.98
21/12/2021,44.360001
22/12/2021,43.900002
23/12/2021,44.16
27/12/2021,44.330002
28/12/2021,43.43
29/12/2021,42.759998
30/12/2021,44.459999
31/12/2021,43.220001
03/01/2022,42.66
04/01/2022,40.849998
05/01/2022,39.5
06/01/2022,39.59
07/01/2022,39.669998
10/01/2022,39.970001
11/01/2022,40.66
12/01/2022,40.25
13/01/2022,38.700001
14/01/2022,38.439999
18/01/2022,37.299999
19/01/2022,37.349998
20/01/2022,37.279999
21/01/2022,34.82
24/01/2022,35.060001
25/01/2022,34.169998
26/01/2022,33.619999
27/01/2022,33.84
28/01/2022,35.27
31/01/2022,37.509998
01/02/2022,38.119999
02/02/2022,36.509998
03/02/2022,34.48
04/02/2022,36.939999
07/02/2022,36.040001
08/02/2022,35.98
09/02/2022,37.830002
10/02/2022,37.080002
11/02/2022,35.84
14/02/2022,35.689999
15/02/2022,36.98
16/02/2022,36.240002
17/02/2022,35.43
18/02/2022,34.32
22/02/2022,32.93
23/02/2022,32.759998
24/02/2022,34.98
25/02/2022,35.290001
28/02/2022,35.549999
01/03/2022,35.560001
02/03/2022,34.619999
03/03/2022,33.490002
04/03/2022,33.389999
07/03/2022,32.419998
08/03/2022,32.68
09/03/2022,34.369999
10/03/2022,34.119999
11/03/2022,33
14/03/2022,33.029999
15/03/2022,33.970001
16/03/2022,35.369999
17/03/2022,37.299999
18/03/2022,37.77
21/03/2022,37.439999
22/03/2022,38.43
23/03/2022,38
24/03/2022,38.82
25/03/2022,38.599998
28/03/2022,39.119999
29/03/2022,40.689999
30/03/2022,39
31/03/2022,38.689999
01/04/2022,39.310001
04/04/2022,49.970001
05/04/2022,50.98
06/04/2022,50.77
07/04/2022,48.029999
08/04/2022,46.23
11/04/2022,47.009998
12/04/2022,44.48
13/04/2022,45.849998
14/04/2022,45.080002
18/04/2022,48.450001
19/04/2022,46.16
20/04/2022,46.720001
21/04/2022,47.080002
22/04/2022,48.93
25/04/2022,51.700001
26/04/2022,49.68
27/04/2022,48.639999
28/04/2022,49.110001
29/04/2022,49.02
02/05/2022,49.139999
03/05/2022,48.869999
04/05/2022,49.060001
05/05/2022,50.360001
06/05/2022,49.799999
09/05/2022,47.959999
10/05/2022,47.259998
11/05/2022,46.09
12/05/2022,45.080002
13/05/2022,40.720001
16/05/2022,37.389999
17/05/2022,38.32
